id,title,type,description,release_year,age_certification,runtime,genres,production_countries,imdb_score
ts300399,Five Came Back: The Reference Films,SHOW,"This collection includes 12 World War II-era propaganda films â€” many of which are graphic and offensive â€” discussed in the docuseries ""Five Came Back.""",1945,TV-MA,48,['documentation'],['US'],NA
tm84618,Taxi Driver,MOVIE,"A mentally unstable Vietnam War veteran works as a night-time taxi driver in New York City where the perceived decadence and sleaze feed his urge for violent action, attempting to save a preadolescent prostitute in the process.",1976,R,113,"['crime', 'drama']",['US'],8.3
tm127384,Monty Python and the Holy Grail,MOVIE,"King Arthur, accompanied by his squire, recruits his Knights of the Round Table, including Sir Bedevere the Wise, Sir Lancelot the Brave, Sir Robin the Not-Quite-So-Brave-As-Sir-Lancelot and Sir Galahad the Pure. On the way, Arthur battles the Black Knight who, despite having had all his limbs chopped off, insists he can still fight. They reach Camelot, but Arthur decides not  to enter, as ""it is a silly place"".",1975,PG,91,"['comedy', 'fantasy']",['GB'],8.2
tm70993,Life of Brian,MOVIE,"Brian Cohen is an average young Jewish man, but through a series of ridiculous events, he gains a reputation as the Messiah. When he's not dodging his followers or being scolded by his shrill mother, the hapless Brian has to contend with the pompous Pontius Pilate and acronym-obsessed members of a separatist movement. Rife with Monty Python's signature absurdity, the tale finds Brian's life paralleling Biblical lore, albeit with many more laughs.",1979,R,94,['comedy'],['GB'],8
tm190788,The Exorcist,MOVIE,"12-year-old Regan MacNeil begins to adapt an explicit new personality as strange events befall the local area of Georgetown. Her mother becomes torn between science and superstition in a desperate bid to save her daughter, and ultimately turns to her last hope: Father Damien Karras, a troubled priest who is struggling with his own faith.",1973,R,133,['horror'],['US'],8.1
ts22164,Monty Python's Flying Circus,SHOW,"A British sketch comedy series with the shows being composed of surreality, risquÃ© or innuendo-laden humour, sight gags and observational sketches without punchlines.",1969,TV-14,30,"['comedy', 'european']",['GB'],8.8
tm14873,Dirty Harry,MOVIE,"When a madman dubbed 'Scorpio' terrorizes San Francisco, hard-nosed cop, Harry Callahan â€“ famous for his take-no-prisoners approach to law enforcement â€“ is tasked with hunting down the psychopath. Harry eventually collars Scorpio in the process of rescuing a kidnap victim, only to see him walk on technicalities. Now, the maverick detective is determined to nail the maniac himself.",1971,R,102,"['thriller', 'crime', 'action']",['US'],7.7
tm185072,My Fair Lady,MOVIE,A snobbish phonetics professor agrees to a wager that he can take a flower girl and make her presentable in high society.,1964,G,170,"['drama', 'music', 'romance', 'family']",['US'],7.8
tm98978,The Blue Lagoon,MOVIE,"Two small children and a ship's cook survive a shipwreck and find safety on an idyllic tropical island. Soon, however, the cook dies and the young boy and girl are left on their own. Days become years and Emmeline and Richard make a home for themselves surrounded by exotic creatures and nature's beauty. But will they ever see civilization again?",1980,R,104,"['romance', 'drama']",['US'],5.8
tm119281,Bonnie and Clyde,MOVIE,"In the 1930s, bored waitress Bonnie Parker falls in love with an ex-con named Clyde Barrow and together they start a violent crime spree through the country, stealing cars and robbing banks.",1967,R,110,"['drama', 'crime', 'action']",['US'],7.7
tm67378,The Professionals,MOVIE,An arrogant Texas millionaire hires four adventurers to rescue his kidnapped wife from a notorious Mexican bandit.,1966,PG-13,117,"['western', 'action', 'european']",['US'],7.3
tm44204,The Guns of Navarone,MOVIE,"A team of allied saboteurs are assigned an impossible mission: infiltrate an impregnable Nazi-held island and destroy the two enormous long-range field guns that prevent the rescue of 2,000 trapped British soldiers.",1961,,158,"['war', 'action', 'drama']","['US', 'GB']",7.5
tm69778,Lupin the Third: The Castle of Cagliostro,MOVIE,"After a successful robbery leaves famed thief Lupin the Third and his partner Jigen with nothing but a large amount of expertly crafted counterfeit bills, he decides to track down the forgers responsibleâ€”and steal any other treasures he may find in the Castle of Cagliostro, including the 'damsel in distress' he finds imprisoned there.",1979,PG,100,"['comedy', 'animation', 'action', 'fantasy', 'family']",['JP'],7.6
tm69997,Richard Pryor: Live in Concert,MOVIE,"Richard Pryor delivers monologues on race, sex, family and his favorite targetâ€”himself, live at the Terrace Theatre in Long Beach, California.",1979,R,78,"['comedy', 'documentation']",['US'],8.1
tm96649,The Long Riders,MOVIE,"The origins, exploits and the ultimate fate of the James gang is told in a sympathetic portrayal of the bank robbers made up of brothers who begin their legendary bank raids because of revenge.",1980,R,99,"['western', 'crime']",['US'],6.9
tm16479,White Christmas,MOVIE,Two talented song-and-dance men team up after the war to become one of the hottest acts in show business. In time they befriend and become romantically involved with the beautiful Haynes sisters who comprise a sister act.,1954,,115,"['romance', 'comedy', 'music']",['US'],7.5
tm135083,Cairo Station,MOVIE,"Qinawi, a physically challenged peddler who makes his living selling newspapers in the central Cairo train station, is obsessed by Hanuma, an attractive young woman who sells drinks. While she jokes with him about a possible relationship, she is actually in love with Abu Siri, a strong and respected porter at the station who is struggling to unionize his fellow workers to combat their boss' exploitative and abusive treatment.",1958,,77,"['drama', 'crime', 'comedy']",['EG'],7.5
tm14491,The Queen,MOVIE,"In 1967, New York City is host to the Miss All-American Camp Beauty Pageant. This documentary takes a look behind the scenes, transporting the viewer into rehearsals and dressing rooms as the drag queen subculture prepares for this big national beauty contest. Jack/Sabrina is the mistress of ceremonies, and their protÃ©gÃ©, Miss Harlow, is in the competition. But, as the pageant approaches, the glamorous contestants veer from camaraderie to tension.",1968,,68,['documentation'],['US'],7.2
tm89386,Hitler: A Career,MOVIE,"A keen chronicle of the unlikely rise to power of Adolf Hitler (1889-1945) and a dissection of the Third Reich (1933-1945), but also an analysis of mass psychology and how the desperate crowd can be deceived and shepherded to the slaughterhouse.",1977,PG,150,"['documentation', 'history', 'european']",['DE'],7.5
tm156453,FTA,MOVIE,"A documentary about a political troupe headed by actors Jane Fonda and Donald Sutherland which traveled to towns near military bases in the US in the early 1970s. The group put on shows called ""F.T.A."", which stood for ""F**k the Army"", and was aimed at convincing soldiers to voice their opposition to the Vietnam War, which was raging at the time. Various singers, actors and other entertainers performed antiwar songs and skits during the show.",1972,R,97,"['comedy', 'documentation', 'music']",['US'],6.2
tm27298,Saladin the Victorious,MOVIE,"Saladin, the first sultan of Egypt and Syria, leads the Muslim military campaign against the invading Christians from Europe during the Third Crusade.",1963,,186,"['drama', 'war', 'action', 'history', 'romance']",['EG'],7.6
tm356209,Singapore,MOVIE,"When his employee disappears in Singapore, Shyam travels from India to investigate the absence and becomes entangled in a deadly plot.",1960,,158,"['drama', 'thriller', 'crime']",['IN'],6.4
tm204541,Dark Waters,MOVIE,"Ragab, a poor sailor, returns home to Alexandria after three years of absence, during which he tried to save money to marry his one true love, Hamedah. But there's trouble on the harbor, and with an old friend.",1956,,120,"['drama', 'action', 'romance', 'thriller']",['EG'],6.7
tm14350,Alexandriaâ€¦ Why?,MOVIE,"Set against the panoramic backdrop of war-torn Egypt, director Youssef Chahine tells a highly personal tale of love and determination. Amid the poverty, death and suffering caused by World War II, 18 year-old Yehia, retreats into a private world of fantasy and longing. Obsessed with Hollywood, he dreams of one day studying filmmaking in America, but after falling in love and discovering the lies of European occupation, Yehia profoundly reevaluates his identity and allegiances.",1979,,133,['drama'],['EG'],7.2
tm102287,Raya and Sakina,MOVIE,"Dramatic rendition of a real life crime wave that terrorized the city of Alexandria, Egypt, between the years 1920 and 1922. Women are disappearing without a trace in what looked like the work of a serial killer. Being Egypt's first ever case of serial killings, the police is relentless and assigns the case to their best inspector. He traces the leads to sisters Raya and Sekina, but it becomes a race against time before they kill again.",1953,,105,"['drama', 'thriller', 'crime', 'history']",['EG'],6.8
tm76557,No Longer Kids,MOVIE,"By coincidence, Ahmad discovers that his father, Ramada Al Sokkary has a love letter in his suit case, which reveals his love to a woman other than his mother. Ahmad tries with his brothers and sister to find out the reasons that made their father look for another woman. The play shows the amusing acts the children undertake to save their family.",1979,,235,"['comedy', 'drama']",['EG'],9
tm71909,Amrapali,MOVIE,"After a failed conquest, Emperor Ajaatshatru pretends to be a soldier in the enemy's army to weaken them from the inside. However, he falls in love with Amrapali by faking his identity.",1966,,120,['fantasy'],['IN'],6.7
tm94651,Dostana,MOVIE,"Vijay and Ravi are best friends (hence the name 'Dostana') who do not even question each other about their careers. Vijay, a police officer and Ravi, a lawyer, while the former catches the criminals who smuggle, Ravi on the other hand bail those criminals, employed by Daaga. One day, both Vijay and Ravi meet Sheetal at different places and times, and both fancy the same girl, Sheetal, but Vijay's love was more serious. Ravi admits his love for Sheetal to Vijay and is devastated but Vijay decides to sacrifice his love and give Sheetal's hand. However, there was a misunderstanding when Daaga decided to stir up Vijay and Ravi's friendship by showing a photo of Vijay and Sheetal to Ravi. They became rivals for the first time and Ravi started to turn to be an enemy of Vijay. Do their friendship recover? Does Ravi get to know the truth? Do Sheetal get back with Vijay?",1980,,161,"['drama', 'comedy', 'romance', 'action', 'crime']",['IN'],2.1
tm19608,The Blazing Sun,MOVIE,"A rich landlord floods and destroys a village on purpose to prevent the people living there from making a profit off their crops. What he doesn't know is that his own daughter is in love with Ahmed, a young man from the village.",1954,,100,"['romance', 'crime', 'drama']",['EG'],7.4
ts45948,Monty Python's Fliegender Zirkus,SHOW,"Monty Python's Fliegender Zirkus consisted of two 45-minute Monty Python German television comedy specials produced by WDR for West German television. The two episodes were first broadcast in January and December 1972 and were shot entirely on film and mostly on location in Bavaria, with the first episode recorded in German and the second recorded in English and then dubbed into German.",1972,TV-MA,43,['comedy'],[],8.1
tm90896,The Return of the Prodigal Son,MOVIE,"In this Andre Gide adaptation, an activist is released after many years in prison and returns home, shaking up established relationships among his family members at the farm governed by his strict father. Demonstrating Chahineâ€™s eclecticism, this is an elegant melodrama, exuberant musical, layered allegory, and profound portrait of personal and political disillusionment.",1976,,124,"['drama', 'crime']","['DZ', 'EG']",7.2
tm75975,Prince,MOVIE,"To better himself, a spoiled prince temporarily assumes a commoner's identity. But he soon learns his palace has been gifted to his father's new wife.",1969,,152,['romance'],['IN'],6.9
tm97793,Lock Your Girls In,MOVIE,"Dr. Raafat faces challenges and difficulties in raising his three daughters, Fawzia (Sanaa Younis), Soso (Shreihan) and Nadia (Ijlal Zaki).",1980,,230,['comedy'],['EG'],NA
tm85426,The Witness Who Didn't See Anything,MOVIE,"An Egyptian comedy play about an innocent, clueless and naive young man who is asked to stand as a witness on a murder trial of a belly dancer who lived downstairs from his apartment.",1976,,217,['comedy'],['EG'],NA
tm188894,The School of Mischief,MOVIE,This play is about a female teacher and how she transformed 5 rebellious students into model students.,1973,,251,['comedy'],['EG'],NA
tm107372,Manoranjan,MOVIE,"Havaldar Ratan is a rookie at the local police station, and is assigned duty on foot patrol on Manoranjan Street, a notorious red-light area, on the very first day of his job. He strikes up a conversation with a good-looking young woman named Nisha, and tells her that there is a possible violation of Suppression of Immoral Trafficking Act taking place on this street. He witnesses several women soliciting men, and decides to call in the paddy wagon, and get them arrested. Alas, one of the men frequenting the prostitutes is none other than Ratan's superior officer, who immediately summons Ratan, and has him removed from service on corruption charges. Nisha takes pity on a homeless and unemployed Ratan, and asks him to live with her. He does not want her to sell her body, and so he decides to work at night, and during the day he takes on the guise of a rich Nawab and spends time with her.",1974,,162,"['comedy', 'drama', 'romance']",['IN'],6.5
tm200475,"Beirut, Oh Beirut",MOVIE,"In the aftermath of the 1967 defeat, four young Lebanese try to figure out their places in a society whose rules seem to have changed. It proved to be an extraordinary anticipation of the civil war that would engulf the country while the film was being edited.",1975,,110,['drama'],['LB'],6.5
tm259855,We Are All for the Fatherland,MOVIE,"After the 1978 Israeli invasion of Lebanon, children try to sing the national anthem as citizens search for hope in the war-torn South.",1979,,74,['documentation'],"['FR', 'LB', 'CA']",6.2
tm259684,Whispers,MOVIE,"At every station, between sites filled with poetry and nostalgia for a bygone era, the poet's dashed dreams and idealized vision of her country coincide with the director's own.",1980,,93,['documentation'],"['FR', 'LB', 'CA']",7.8
tm344089,Lal Patthar,MOVIE,"Raja Kumar Bahadur alias Gyan Shankar Rai has been a total abstainer all his life, never touching a drop of alcohol, and keeping away from women and all known vices all his life. Then one day he sees a young woman named Saudamani, and instantly falls in love with her. He finds out about her background, and virtually buys her, and brings her to his palatial home. This is when he takes to drinking, and wooing her, and renaming her Madhuri, but refrains from marrying her. Years later, he sees another beautiful woman, about half his age, named Sumita, meets with her parents, pays off their debts, and marries her in the bargain.",1971,,153,['drama'],['IN'],6.2
tm358653,Ujala,MOVIE,"An honest man dreams of a better life for his family, but a childhood friend leads him into a world of crime that keeps happiness just out of reach.",1959,,142,"['romance', 'crime', 'drama']",['IN'],6.7
tm100027,Alibaba Aur 40 Chor,MOVIE,"The movie is based on the story of Ali Baba and the Forty Thieves, from the One Thousand and One Nights or Arabian Tales. The role of Ali Baba is played by Dharmendra and Hema Malini play Morjina.",1979,,138,"['drama', 'action', 'romance', 'family', 'fantasy']","['IN', 'SU']",6.2
tm10204,Professor,MOVIE,"Sita devi is a very strict aunt for a number of young ladies, and does not allow them to fraternize with males. Along comes Pritam disguised as an elderly Professor Khanna to break every possible rule of the aunt",1962,,163,"['romance', 'comedy', 'drama']",['IN'],6.8
tm403346,Chadi Jawani Budhe Nu,MOVIE,"A small-time businessman (B.S. Sood) reaches the ""naughty forties"". Now his wife is not good enough anymore, so he decides he needs a modern up to date mistress, resulting in hilarious situations.",1976,,135,['romance'],['IN'],4.6
tm16812,Bandie,MOVIE,"Maharaj Brajbhan lives a wealthy lifestyle in Bharatpur, India along with his wife, Badi Rani, but have been unable to conceive for Bharatpur, and have no choice but to leave it's reigns with Brajban's widowed cousin, Vikram, and his son, Kanchan. When Vikram finds out that Badi Rani is pregnant, he plots to first sully her character by having her abducted, then shunned by the Maharaj, and then decides to have her killed. But her killer has a change of heart and lets her live. She gives birth to a son, names him Bhola, and starts living a simple lifestyle in a Mandir with the help of it's Poojary. Years later Vikram finds out she is alive and kills her, as well the Poojary and the Poojary's son. Bhola witnesses this, manages to escape, starts to live with a poor widow, grows up uneducated, and makes a living through crime.",1978,,141,"['drama', 'romance', 'action']",['IN'],4.2
tm336403,Khoon Khoon,MOVIE,"As a crazed killer blazes a trail of blood through an anxious city, a hardened cop aims to take him down by any means in this remake of Dirty Harry.",1973,,131,"['drama', 'crime', 'thriller']",['IN'],5.1
tm119776,Top Gun,MOVIE,"A heart-pounding combination of action, music and incredible aerial photography helped make Top Gun the blockbuster hit. of 1986. Top Gun takes a look at the danger and excitement that awaits every pilot at the Navy's prestigious fighter weapons school. Tom Cruise is superb as Lt. Pete ""Maverick"" Mitchell, a daring young flyer who's out to become the best. And Kelly McGillis sizzles as the civilian instructor who teaches Maverick a few things you can't learn in a classroom.",1986,PG,110,"['drama', 'action']",['US'],6.9
ts20681,Seinfeld,SHOW,A stand-up comedian and his three offbeat friends weather the pitfalls and payoffs of life in New York City in the '90s. It's a show about nothing.,1989,TV-PG,24,['comedy'],['US'],8.9
tm111075,Stand by Me,MOVIE,"Gordie, Chris, Teddy and Vern are four friends who decide to hike to find the corpse of Ray Brower, a local teenager, who was hit by a train while plucking blueberries in the wild.",1986,R,89,['drama'],['US'],8.1
tm180542,Once Upon a Time in America,MOVIE,"A former Prohibition-era Jewish gangster returns to the Lower East Side of Manhattan over thirty years later, where he once again must confront the ghosts and regrets of his old life.",1984,R,229,"['drama', 'crime', 'european']","['US', 'IT']",8.3
tm138875,When Harry Met Sally...,MOVIE,"During their travel from Chicago to New York, Harry and Sally debate whether or not sex ruins a friendship between a man and a woman. Eleven years later, and they're still no closer to finding the answer.",1989,R,96,"['romance', 'comedy', 'drama']",['US'],7.7
tm155792,Teenage Mutant Ninja Turtles,MOVIE,"A quartet of humanoid turtles, trained by their mentor in ninjitsu, must learn to work together to face the menace of Shredder and the Foot Clan.",1990,PG,93,"['scifi', 'action', 'comedy', 'family']","['HK', 'US']",6.7
tm22327,Full Metal Jacket,MOVIE,A pragmatic U.S. Marine observes the dehumanizing effects the U.S.-Vietnam War has on his fellow recruits from their brutal boot camp training to the bloody street fighting in Hue.,1987,R,116,"['drama', 'war']","['GB', 'US']",8.3
tm54450,Christine,MOVIE,"Geeky student Arnie Cunningham falls for Christine, a rusty 1958 Plymouth Fury, and becomes obsessed with restoring the classic automobile to her former glory. As the car changes, so does Arnie, whose newfound confidence turns to arrogance behind the wheel of his exotic beauty. Arnie's girlfriend Leigh and best friend Dennis reach out to him, only to be met by a Fury like no other.",1983,R,90,"['horror', 'thriller', 'european']",['US'],6.7
tm2386,A Nightmare on Elm Street,MOVIE,"Teenagers in a small town are dropping like flies, apparently in the grip of mass hysteria causing their suicides. A cop's daughter, Nancy Thompson, traces the cause to child molester Fred Krueger, who was burned alive by angry parents many years before. Krueger has now come back in the dreams of his killers' children, claiming their lives as his revenge. Nancy and her boyfriend, Glen, must devise a plan to lure the monster out of the realm of nightmares and into the real world...",1984,R,91,['horror'],['US'],7.4
ts22082,Knight Rider,SHOW,"Michael Long, an undercover police officer, is shot while investigating a case and left for dead by his assailants. He is rescued by Wilton Knight, a wealthy, dying millionaire and inventor who arranges life-saving surgery, including a new face and a new identity--that of Michael Knight. Michael is then given a special computerized and indestructible car called the Knight Industries Two Thousand (nicknamed KITT), and a mission: apprehend criminals who are beyond the reach of the law. The series depicts Michael's exploits as he and KITT battle the forces of evil on behalf of the Foundation for Law and Government.",1982,TV-PG,51,"['action', 'scifi', 'crime', 'drama']",['US'],6.9
tm145608,Awakenings,MOVIE,"Dr. Malcolm Sayer, a shy research physician, uses an experimental drug to ""awaken"" the catatonic victims of a rare disease. Leonard is the first patient to receive the controversial treatment. His awakening, filled with awe and enthusiasm, proves a rebirth for Sayer too, as the exuberant patient reveals life's simple but unutterably sweet pleasures to the introverted doctor.",1990,PG-13,120,"['drama', 'european']",['US'],7.8
ts21715,Thomas & Friends,SHOW,"Thomas & Friends is a British children's television series, which had its first broadcast on the ITV network on 4 September 1984. It is based on The Railway Series of books by the Reverend Wilbert Awdry and his son, Christopher Awdry. These books deal with the adventures of a group of anthropomorphised locomotives and road vehicles who live on the fictional Island of Sodor. The books were based on stories Wilbert told to entertain his son, Christopher during his recovery from measles. From Series one to four, many of the stories are based on events from Awdry's personal experience.",1984,TV-Y,10,"['family', 'comedy', 'music', 'action', 'animation', 'fantasy', 'drama']",['GB'],6.5
tm41289,Annie,MOVIE,"An orphan in a facility run by the mean Miss Hannigan, Annie believes that her parents left her there by mistake. When a rich man named Oliver ""Daddy"" Warbucks decides to let an orphan live at his home to promote his image, Annie is selected. While Annie gets accustomed to living in Warbucks' mansion, she still longs to meet her parents. So Warbucks announces a search for them and a reward, which brings out many frauds.",1982,PG,127,"['drama', 'family', 'comedy']",['US'],6.6
tm132694,Pet Sematary,MOVIE,"Dr. Louis Creed's family moves into the country house of their dreams and discover a pet cemetery at the back of their property. The cursed burial ground deep in the woods brings the dead back to life -- with ""minor"" problems. At first, only the family's cat makes the return trip, but an accident forces a heartbroken father to contemplate the unthinkable.",1989,R,103,"['horror', 'fantasy', 'thriller']",['US'],6.5
ts20678,Saved by the Bell,SHOW,"Lovable schemer Zack Morris leads his pals on adventures at California's Bayside High School. The friends navigate relationships, final exams, school dances, breakups and more while frequently frustrating their principal, Mr. Richard Belding, who does his best to keep them in check.",1989,TV-G,23,"['comedy', 'romance', 'family']",['US'],7.1
tm117580,She's Gotta Have It,MOVIE,"The story of Nola Darling's simultaneous sexual relationships with three different men is told by her and by her partners and other friends. All three men wanted her to commit solely to them; Nola resists being ""owned"" by a single partner.",1986,R,84,"['comedy', 'romance']",['US'],6.7
tm20712,Eddie Murphy Raw,MOVIE,"Eddie Murphy delights, shocks and entertains with dead-on celebrity impersonations, observations on '80s love, sex and marriage, a remembrance of Mom's hamburgers and much more.",1987,R,93,"['comedy', 'documentation']",['US'],7.6
tm130586,Endless Love,MOVIE,"Two young kids fall in love with each other. But the passion is too consuming for the parents of Jade. The parents try to stop them from seeing each other. But when this doesn't work, David burns down the house and is sent away. This doesn't stop him from seeing her. When he gets out he goes to look for her. But the passion for his first love is too strong and she has to leave.",1981,R,116,"['drama', 'romance']",['US'],4.9
ts25028,Wheel of Fortune,SHOW,"This game show sees contestants solve word puzzles, similar to those used in Hangman, to win cash and prizes determined by spinning a giant carnival wheel.",1983,TV-G,26,['family'],['US'],6.7
ts23753,Major Dad,SHOW,"Major Dad is an American sitcom created by Richard C. Okie and John G. Stephens, developed by Earl Pomerantz, that originally ran from 1989 to 1993 on CBS, starring Gerald McRaney as Major John D. MacGillis and Shanna Reed as his wife Polly. The cast also includes Beverly Archer, Matt Mulhern, Jon Cypher, Marisa Ryan, Nicole Dubuc and Chelsea Hertford.",1989,TV-PG,24,"['comedy', 'family']",['US'],6.4
ts2760,Fireman Sam,SHOW,"Follow the adventures of fireman Sam and his colleagues as they protect the citizens of the Welsh town of Pontypandy. Whenever the alarm sounds, brave Sam and his co-workers can be counted on to jump into a fire engine, hop onto a helicopter, or even launch an inflatable lifeboat to battle blazes, mount rescue missions, or provide medical attention to those in need.",1987,TV-Y,10,"['comedy', 'animation', 'family', 'crime', 'european']",['GB'],6.1
ts987,Danger Mouse,SHOW,"Danger Mouse, the world's greatest secret agent, and his side-kick Penfold work to foil the evil schemes of Baron Greenback.",1981,TV-Y,15,"['comedy', 'family', 'scifi', 'animation', 'european']",['GB'],7.4
tm125985,Mobile Suit Gundam II: Soldiers of Sorrow,MOVIE,"After managing to survive attacks by Zeon's Char Aznable and Garma Zabi, the crew of Federation warship White Base and its mobile suits must battle Zeon forces through Asia, Europe, and the Atlantic Ocean if they are to reach Earth Federation's headquarters alive. During that process many of its crewmembers must overcome their fears, losses, immaturities, and insecurities in order to survive.",1981,,133,"['scifi', 'drama', 'war', 'animation', 'action']",['JP'],7.2
tm40103,Mobile Suit Gundam: Char's Counterattack,MOVIE,In UC 0093 the Federation has recovered from its defeat and has created a new anti-colonial special forces unit to deal with rebel forces: Londo Bell. Elsewhere in space Char Aznable re-appears out of self imposed hiding with a declaration that he now commands his own Neo-Zeon movementand intends to force the emigration of Earth's inhabitants to space by bringing about an apocalypse.,1988,,120,"['scifi', 'animation', 'action', 'drama', 'war']",['JP'],7.3
tm21953,Sam Kinison: Breaking the Rules,MOVIE,"This is a great performance. Through yelling and energetic story-telling, he talks about marriage, drugs, being arrested (thanks to his ex-wife), pleasing women, religion, and much, much more.",1987,R,50,"['comedy', 'documentation']",['US'],7.2
tm152839,Tim Allen: Men Are Pigs,MOVIE,"Comedian Tim Allen shares his enthusiasm for power tools, automobiles, grunting, and the myriad obsessions of the American male in this special for the Showtime premium cable network, which was aired a few years before he rose to stardom with the television sitcom Home Improvement.",1990,,30,"['comedy', 'documentation']",['US'],6
tm62924,Monty Python Live at the Hollywood Bowl,MOVIE,"Monty Python perform many of their greatest sketches at the Hollywood Bowl, including several from pre-Python days.",1982,R,77,"['comedy', 'documentation']",['GB'],7.9
tm114356,The George McKenna Story,MOVIE,"Washington plays a school principal in a tough inner city Los Angeles high school out to rid it of drugs, gangs, low moral of teachers, and restore educational values.",1988,,100,['drama'],['US'],6
tm147829,Unspeakable Acts,MOVIE,Two psychologist try to demonstrate that a man is a pedophile and has abused many children.,1990,,100,['drama'],['US'],6
tm126769,Waiting for the Hearse,MOVIE,"Mama Cora, who is almost eighty years old, has three sons and a daughter. She lives with one of them, who has serious financial problems. The family meets one day to celebrate an anniversary meal, and that is when the problem arises: which of them will take care of her?",1985,,87,['comedy'],['AR'],8
tm49037,Mobile Suit Gundam III: Encounters in Space,MOVIE,"Amuro Ray and the rest of the White Base crew, now denominated the 13th Autonomous Corps, return to outer space to support the rest of the Earth Federation forces for the decisive battle against the Duchy of Zeon's forces.",1982,,144,"['animation', 'action', 'drama', 'scifi', 'war']",['JP'],7.7
tm159912,Agneepath,MOVIE,"The movie depicts the life of a young boy, Vijay (Amitabh Bachchan), whose father gets brutally lynched by a mobster Kancha Cheena. It's a journey of his quest for revenge, which leads him to become a gangster as an adult. Watch out for Amitabh Bachchan in one of the most powerful roles of his career. Will Vijay lose his family in the process of satisfying his vengeance?",1990,,174,"['action', 'crime', 'drama']",['IN'],7.6
tm133914,Parrot Sketch Not Included: Twenty Years of Monty Python,MOVIE,"Steve Martin presents selected sketches from ""Monty Python's Flying Circus (1969)"". It's the well known sketches, though the parrot sketch is not included. Steve Martin has some funny comments on the Pythons.",1989,,72,['comedy'],['GB'],8.1
tm38736,Too Young The Hero,MOVIE,"TV movie based upon the true story of Calvin Graham, who, as a 12 year old boy, enlisted in the US Navy during WWII.",1988,,100,"['drama', 'war']",['US'],6.7
tm258072,Adam: His Song Continues,MOVIE,"Follows the true story of John and Reve Walsh who, after their child was murdered, fought to raise national awareness of the problem of missing children.",1986,,100,"['crime', 'drama']",['US'],7
tm52815,Disco Dancer,MOVIE,"Anil, a street singer, is humiliated and driven out of Bombay along with his mother. However, he soon becomes a famous performer but the enemies from his past try to destroy his hard-earned career.",1982,,134,"['drama', 'romance']",['IN'],6.5
tm137013,The Ryan White Story,MOVIE,"The story of Ryan White, a 13-year-old haemophiliac who contracted AIDS from factor VIII, which was used to control this disorder.",1989,,102,['drama'],['US'],7.2
tm157853,In Defense of a Married Man,MOVIE,"When a defense lawyer's adulterous husband becomes the prime suspect in the murder of the woman he was cheating with, his wife chooses to defend him. Can she overcome his betrayal while searching for the truth?",1990,,94,"['drama', 'crime']",['US'],5.6
tm157603,Dil,MOVIE,"Raja lives a poor lifestyle along with his dad, Hazariprasad and mom. He attends college where he has several run-ins with wealthy fellow-collegian, Madhu Mehra. Matters escalate to such an extent that she accuses him of sexually molesting her. When his dad comes to know, he decides to seize this chance to get rich quickly, masquerades as a wealthy businessman, approaches Mr. Mehra, and arranges for their children to get married. Murphy's law prevails at the time of the engagement - changing everyone's lives forever.",1990,,172,"['romance', 'comedy', 'drama']",['IN'],6.6
tm45720,Bye Bye London,MOVIE,"A comedy about an old married man that travels to London with his nephew who does his to save him from exposure to fraud, and being mugged in London, the play also covers some political aspects and projections in addition to social criticism of some of the Arab situations.",1982,,170,"['comedy', 'drama']",['KW'],8.7
tm55091,Quiet Victory: The Charlie Wedemeyer Story,MOVIE,"Film that tells the story of Los Gatos (California) high school football coach Charlie Wedemeyer. At 31, onetime football pro Wedemeyer is living the American dream; a winning team, a happy marriage and public adulation.",1988,,100,['drama'],['US'],7.1
tm151332,"Alexandria, Again and Forever",MOVIE,"Set in 1987 against the backdrop of a hunger strike by the Egyptian film industry, Chahine himself steps in to play Yehia, the famed Egyptian director whose life is chronicled in ""Alexandria, Why?"" and ""An Egyptian Story"". Obsessed with Amr, the handsome actor he discovered and cast as his alter-ego in parts one and two of The Alexandria Trilogy, Yehia pressures Amr to star in various film projects that change even as Yehia's perception of the young actor begins to change. He first casts Amr as Hamlet, which the actor deems too demanding for his talents, then as the lead in a musical biopic of demigod Alexander the Great, who founded the city of Alexandria in 332 B.C.",1989,,105,['drama'],"['EG', 'FR']",6.5
tm24110,Strange Voices,MOVIE,A family begins to fall apart when their eldest daughter is diagnosed with schizophrenia.,1987,,100,['drama'],['US'],6.3
tm348735,Aakhri Adaalat,MOVIE,Inspector Amar Kaushal attempts to incarcerate wrong-doers in his society only lead to frustration when they are let off by the incompetence of the law and his superiors and seniors. Eventually Amar stands accused of killing several criminals and innocents which prompts him to take law into his own hands.,1988,,148,"['action', 'crime', 'thriller']",['IN'],5.1
tm51083,A Stoning in Fulham County,MOVIE,Religious beliefs clash with the law when an Amish infant is killed in a rural community.,1988,,120,"['crime', 'drama', 'thriller']",['US'],5.8
tm126791,The Married Couples,MOVIE,"The story revolves around the problems of married people in (Egypt) from the economic and social aspects, where the poor young man (Masoud) falls in love with the aristocratic girl (Lina), and marries her despite her father's refusal. The simple poor life experience with her husband, whom she loves, her father tries to pressure her by various means, including threatening to deprive her of the inheritance, but she is determined to stay with her husband, Masoud asks Lina to move with her to her father's villa in order to get out of the difficult life he lives in rented home.",1981,,194,['drama'],['EG'],NA
tm186777,Sayed The Servant,MOVIE,Adel Imam plays the role of educated person who is forced to work as house servant to hide from the police.,1985,,166,['comedy'],['EG'],NA
tm311264,Muqaddar Ka Faisla,MOVIE,"Muqaddar ka Faisla, is the story of Pandit Krishna Kant. A poor, but extremely honest, upright, God-fearing man, who refuses to compromise on his principles.",1987,,172,"['comedy', 'drama', 'family', 'action']",['IN'],4.8
tm172482,Sohni Mahiwal,MOVIE,"Shahjada Ijjat Beg comes to India with his caravan and settles in a town in Gujrat. Here he falls in love with Sohani, who keeps a shop in metal pots. Ijjat Beg buys pot from her with whatever money he had and they were attracted to each other. Sohni dispensed with her servant and kept Ijjat Beg instead. This gave them more opportunity to meet. This was a scandal in the town and Sohni was perforce married to Rehaman who was slightly off his head. Sohni continued her meeting Ijjat Beg who went out fishing. When the atmosphere became to hot for them they jointly took a water grave for their love.",1984,,160,"['romance', 'action', 'drama']",['IN'],6.1
tm52274,The Little Wars,MOVIE,"Beirut resident Soraya is drawn to two men: daredevil photographer Nabil and Talal, who must embrace his feudal heritage when his father is kidnapped.",1982,,108,"['drama', 'war', 'european']","['FR', 'LB']",6.3
tm132164,Bill Hicks: Sane Man,MOVIE,"Sane Man was filmed before Bill recorded â€˜Dangerousâ€™, his first comedy album, and is a turning point in Hicksâ€™ career. It was the first complete Hicks show ever filmed and Bill pulled out all the stops for the cameras. Completely focused, a newly-sober Hicks paces the stage like a wild animal riffing effortless.",1989,R,81,['comedy'],['US'],NA
tm342996,Duniya,MOVIE,"Mohan Kumar's diligence and honesty lands him in trouble with Balwant Singh Kalra, Jugal Kishore Ahuja, and Mr. Bhandari. Together the trio frame and imprison Mohan and make him watch helplessly as his wife is killed. Years later, Mohan Kumar is released from prison, his only goal in life is to avenge his humiliation and wrongful arrest at the hands of the trio. With the help of Dinesh Verma, he establishes himself again, and starts the process of bringing death and destruction to the trio. The trio are well aware of his presence, and decide to send one of their men, Ravi, to spy on him. Ravi falls in love with Verma's daughter, Roma, and decides to change sides to help Verma and Mohan, but Mohan will not have anything to do with Ravi, and asks him to leave. Ravi then becomes a target by the trio and their men, and has to save himself, and the only way he can redeem himself is by turning the tables over Mohan, who is none other than his own father.Duniya",1984,,170,"['drama', 'action']",['IN'],6.2
